sr,halo_beta,contrast_mag,sep_arcsec,bias_default,bias_psf_clean,epsf_tag,refusal_note
0.15,4.765,0.0,0.1,-0.06603943820103564,0.01362687345025057,strict,
0.15,4.765,0.0,0.15,-0.06153022628561686,-0.0014772940541041002,strict,
0.15,4.765,0.0,0.2,-0.07128009532204123,0.006620524723121246,strict,
0.15,4.765,0.0,0.3,-0.07351728796442364,0.006645514423770843,strict,
0.15,4.765,0.0,0.45,-0.07296885115491122,0.0007494003154319417,strict,
0.15,4.765,0.0,0.6,-0.06643922365436827,0.012585847590439347,strict,
0.15,4.765,0.0,0.8,-0.05821776443784944,0.0076004144897098,strict,
0.15,4.765,0.0,1.0,-0.01885475033625103,0.0041240966446556004,strict,
0.15,4.765,0.0,1.2,0.17372157108273314,0.018923002602331762,strict,
0.15,4.765,0.0,0.1,-0.061610069593318925,0.01202685925760652,strict,
0.15,4.765,0.0,0.15,-0.06522436058994956,-0.014184097629918152,strict,
0.15,4.765,0.0,0.2,-0.07620805540819862,-0.0006049107442972212,strict,
0.15,4.765,0.0,0.3,-0.07503868678274409,0.000998970843301944,strict,
0.15,4.765,0.0,0.45,-0.07164846155190474,0.012321609105638426,strict,
0.15,4.765,0.0,0.6,-0.06102248488303466,0.020501170890160653,strict,
0.15,4.765,0.0,0.8,-0.05802886487451102,0.003398390949027663,strict,
0.15,4.765,0.0,1.0,-0.0171106300539548,0.006837947218760937,strict,
0.15,4.765,0.0,1.2,0.10593197094062226,-0.006038949865006721,strict,
0.15,4.765,0.0,0.1,-0.07055515675343636,0.013327874401428602,strict,
0.15,4.765,0.0,0.15,-0.0750460843366182,-0.005385624976800674,strict,
0.15,4.765,0.0,0.2,-0.08144618013941726,-0.012216760196139764,strict,
0.15,4.765,0.0,0.3,-0.0752985105204975,0.002715855057106531,strict,
0.15,4.765,0.0,0.45,-0.07676696689519752,0.0016861539632719857,strict,
0.15,4.765,0.0,0.6,-0.07422648224350391,-0.0042036294749372705,strict,
0.15,4.765,0.0,0.8,-0.05797859585829082,0.005775842770977535,strict,
0.15,4.765,0.0,1.0,-0.020624814045773987,0.005199780127525144,strict,
0.15,4.765,0.0,1.2,0.1436193093222113,0.01000053282098673,strict,
0.15,4.765,1.0,0.1,-0.04218563149651053,-0.0012918179863198875,strict,
0.15,4.765,1.0,0.15,-0.04267093025462783,-0.0015852985240348283,strict,
0.15,4.765,1.0,0.2,-0.04626996537860564,-0.004791020275065755,strict,
0.15,4.765,1.0,0.3,-0.03253218147665751,0.01495067234659142,strict,
0.15,4.765,1.0,0.45,-0.04054185957913907,0.0018828335247206007,strict,
0.15,4.765,1.0,0.6,-0.031969767861401654,0.011288697624492333,strict,
0.15,4.765,1.0,0.8,-0.024009606197147537,0.010132422751314457,strict,
0.15,4.765,1.0,1.0,0.006682124254392796,0.018584555577120104,strict,
0.15,4.765,1.0,1.2,0.06158826296580683,0.020428419613854443,strict,
0.15,4.765,1.0,0.1,-0.03884133725759503,0.005754749114155633,strict,
0.15,4.765,1.0,0.15,-0.044753276762046074,-0.006256740189389737,strict,
0.15,4.765,1.0,0.2,-0.03819264318662953,0.007023040788241813,strict,
0.15,4.765,1.0,0.3,-0.039059782113918126,0.007099849007946912,strict,
0.15,4.765,1.0,0.45,-0.036752240435588626,0.009036814450696484,strict,
0.15,4.765,1.0,0.6,-0.03005807785950665,0.013719537113964314,strict,
0.15,4.765,1.0,0.8,-0.03754156354681604,-0.007315839023844389,strict,
0.15,4.765,1.0,1.0,-0.007132634303671559,0.0028751829137844687,strict,
0.15,4.765,1.0,1.2,0.027146269813155988,-0.003740161920730317,strict,
0.15,4.765,1.0,0.1,-0.047681846995216756,-0.008490605074335467,strict,
0.15,4.765,1.0,0.15,-0.03888031316504585,0.00645803633685596,strict,
0.15,4.765,1.0,0.2,-0.04374673233487847,-0.0008758394580741236,strict,
0.15,4.765,1.0,0.3,-0.03354556244623279,0.01825178253080531,strict,
0.15,4.765,1.0,0.45,-0.03665896107687458,0.00953072754563869,strict,
0.15,4.765,1.0,0.6,-0.034511756862069365,0.005652109436084518,strict,
0.15,4.765,1.0,0.8,-0.03709883596860608,-0.0077827839286212785,strict,
0.15,4.765,1.0,1.0,-0.013837021122385829,-0.004629835178250247,strict,
0.15,4.765,1.0,1.2,0.04038653244459656,0.005809849465061967,strict,
0.15,4.765,2.0,0.1,-0.023595194761279553,-0.002577268177764769,strict,
0.15,4.765,2.0,0.15,-0.017621976074896878,0.0036271257546354185,strict,
0.15,4.765,2.0,0.2,-0.014820616749414817,0.005630212614609664,strict,
0.15,4.765,2.0,0.3,-0.02184185617725684,-0.0022614077137481647,strict,
0.15,4.765,2.0,0.45,-0.009790849986828998,0.010910919151086662,strict,
0.15,4.765,2.0,0.6,-0.012797558751636545,0.005918001187299515,strict,
0.15,4.765,2.0,0.8,-0.010061883447027437,0.00595258403991894,strict,
0.15,4.765,2.0,1.0,-0.0039225116603858745,0.00012378533429471816,strict,
0.15,4.765,2.0,1.2,0.01132229275288335,-0.0010392856429117525,strict,
0.15,4.765,2.0,0.1,-0.022684686860938608,-0.0022741812811314377,strict,
0.15,4.765,2.0,0.15,-0.014024010362451128,0.0052991700315995205,strict,
0.15,4.765,2.0,0.2,-0.020753608700616183,-0.0014521685483411262,strict,
0.15,4.765,2.0,0.3,-0.007761624738714529,0.013154797347742525,strict,
0.15,4.765,2.0,0.45,-0.009770722030975593,0.014240908305748062,strict,
0.15,4.765,2.0,0.6,-0.020831514575275017,-0.0015501391754692284,strict,
0.15,4.765,2.0,0.8,-0.012990442932607288,0.0007607821823677752,strict,
0.15,4.765,2.0,1.0,0.00322867369173363,0.008144943373286723,strict,
0.15,4.765,2.0,1.2,-0.0018912543418244387,-0.011074192574852149,strict,
0.15,4.765,2.0,0.1,-0.024147440540706472,-0.005023078039122469,strict,
0.15,4.765,2.0,0.15,-0.01346721470556711,0.008040540395310991,strict,
0.15,4.765,2.0,0.2,-0.01604103058250561,0.008938320232235009,strict,
0.15,4.765,2.0,0.3,-0.014564584003793069,0.006021427203991486,strict,
0.15,4.765,2.0,0.45,-0.015723424864835217,0.00463868146318222,strict,
0.15,4.765,2.0,0.6,-0.015163253286908124,0.006175982622938364,strict,
0.15,4.765,2.0,0.8,-0.013790188146974885,0.0005884879202778526,strict,
0.15,4.765,2.0,1.0,0.0015825940951576523,0.006228437089811856,strict,
0.15,4.765,2.0,1.2,0.022446766205872992,0.010754678461908529,strict,
0.15,4.765,3.0,0.1,-0.004529652964948866,0.0068386353707036995,strict,
0.15,4.765,3.0,0.15,-0.0075057275121206135,0.0020237531304768686,strict,
0.15,4.765,3.0,0.2,-0.008925899198245824,,strict,"0 neighbours above the 0.1% contamination floor within 1.4"" -- nothing to subtract (the star is effectively isolated)"
0.15,4.765,3.0,0.3,-0.012006988272224545,,strict,"0 neighbours above the 0.1% contamination floor within 1.4"" -- nothing to subtract (the star is effectively isolated)"
0.15,4.765,3.0,0.45,-0.008417175656811715,,strict,"0 neighbours above the 0.1% contamination floor within 1.4"" -- nothing to subtract (the star is effectively isolated)"
0.15,4.765,3.0,0.6,-0.00875510868769852,,strict,"0 neighbours above the 0.1% contamination floor within 1.4"" -- nothing to subtract (the star is effectively isolated)"
0.15,4.765,3.0,0.8,-0.008712886938138903,,strict,"0 neighbours above the 0.1% contamination floor within 1.4"" -- nothing to subtract (the star is effectively isolated)"
0.15,4.765,3.0,1.0,-0.013766136561332604,,strict,"0 neighbours above the 0.1% contamination floor within 1.4"" -- nothing to subtract (the star is effectively isolated)"
0.15,4.765,3.0,1.2,0.01882458303804435,,strict,"0 neighbours above the 0.1% contamination floor within 1.4"" -- nothing to subtract (the star is effectively isolated)"
0.15,4.765,3.0,0.1,-0.009484404638949784,-0.0004136342313321717,strict,
0.15,4.765,3.0,0.15,-0.006004080147203966,0.004357331182430035,strict,
0.15,4.765,3.0,0.2,-0.004166726303263507,0.004777645291282273,strict,
0.15,4.765,3.0,0.3,-0.003610130366231118,,strict,"0 neighbours above the 0.1% contamination floor within 1.4"" -- nothing to subtract (the star is effectively isolated)"
0.15,4.765,3.0,0.45,-0.0025478604080072242,,strict,"0 neighbours above the 0.1% contamination floor within 1.4"" -- nothing to subtract (the star is effectively isolated)"
0.15,4.765,3.0,0.6,-0.011698503763775236,,strict,"0 neighbours above the 0.1% contamination floor within 1.4"" -- nothing to subtract (the star is effectively isolated)"
0.15,4.765,3.0,0.8,-0.0031941693155891904,,strict,"0 neighbours above the 0.1% contamination floor within 1.4"" -- nothing to subtract (the star is effectively isolated)"
0.15,4.765,3.0,1.0,-0.005427619154428326,,strict,"0 neighbours above the 0.1% contamination floor within 1.4"" -- nothing to subtract (the star is effectively isolated)"
0.15,4.765,3.0,1.2,-0.00021595323464054794,-0.004431162868627159,strict,
0.15,4.765,3.0,0.1,-0.004326148829922188,,strict,"0 neighbours above the 0.1% contamination floor within 1.4"" -- nothing to subtract (the star is effectively isolated)"
0.15,4.765,3.0,0.15,-0.006741662515637514,0.0025988146468953477,strict,
0.15,4.765,3.0,0.2,-0.007651965412341755,,strict,"0 neighbours above the 0.1% contamination floor within 1.4"" -- nothing to subtract (the star is effectively isolated)"
0.15,4.765,3.0,0.3,0.0031241638334597033,0.013833771468094308,strict,
0.15,4.765,3.0,0.45,0.006855320822647171,,strict,"0 neighbours above the 0.1% contamination floor within 1.4"" -- nothing to subtract (the star is effectively isolated)"
0.15,4.765,3.0,0.6,-0.007298009116489201,,strict,"0 neighbours above the 0.1% contamination floor within 1.4"" -- nothing to subtract (the star is effectively isolated)"
0.15,4.765,3.0,0.8,-0.014379230990261449,,strict,"0 neighbours above the 0.1% contamination floor within 1.4"" -- nothing to subtract (the star is effectively isolated)"
0.15,4.765,3.0,1.0,-0.00974327183614948,,strict,"0 neighbours above the 0.1% contamination floor within 1.4"" -- nothing to subtract (the star is effectively isolated)"
0.15,4.765,3.0,1.2,0.015466722807490063,,strict,"0 neighbours above the 0.1% contamination floor within 1.4"" -- nothing to subtract (the star is effectively isolated)"
0.15,4.765,4.0,0.1,-0.007801602529287799,,strict,"0 neighbours above the 0.1% contamination floor within 1.4"" -- nothing to subtract (the star is effectively isolated)"
0.15,4.765,4.0,0.15,-0.0009551509087543097,,strict,"0 neighbours above the 0.1% contamination floor within 1.4"" -- nothing to subtract (the star is effectively isolated)"
0.15,4.765,4.0,0.2,-0.0023100179144263655,-0.0016945375144138686,strict,
0.15,4.765,4.0,0.3,0.003575092198789931,,strict,"0 neighbours above the 0.1% contamination floor within 1.4"" -- nothing to subtract (the star is effectively isolated)"
0.15,4.765,4.0,0.45,-0.0023847891676311572,,strict,"0 neighbours above the 0.1% contamination floor within 1.4"" -- nothing to subtract (the star is effectively isolated)"
0.15,4.765,4.0,0.6,-0.008509682129683616,,strict,"0 neighbours above the 0.1% contamination floor within 1.4"" -- nothing to subtract (the star is effectively isolated)"
0.15,4.765,4.0,0.8,-0.01227206368833994,,strict,"0 neighbours above the 0.1% contamination floor within 1.4"" -- nothing to subtract (the star is effectively isolated)"
0.15,4.765,4.0,1.0,0.0009164548925105209,,strict,"0 neighbours above the 0.1% contamination floor within 1.4"" -- nothing to subtract (the star is effectively isolated)"
0.15,4.765,4.0,1.2,0.013158233747968956,0.014172816321828763,strict,
0.15,4.765,4.0,0.1,-0.011543666935024288,,strict,"0 neighbours above the 0.1% contamination floor within 1.4"" -- nothing to subtract (the star is effectively isolated)"
0.15,4.765,4.0,0.15,0.00490968969950592,,strict,"0 neighbours above the 0.1% contamination floor within 1.4"" -- nothing to subtract (the star is effectively isolated)"
0.15,4.765,4.0,0.2,0.0020743206940125603,,strict,"0 neighbours above the 0.1% contamination floor within 1.4"" -- nothing to subtract (the star is effectively isolated)"
0.15,4.765,4.0,0.3,0.0013508331620967762,,strict,cleaning refused: every candidate was either dropped by the fit or saturated (0 saturated of 1)
0.15,4.765,4.0,0.45,0.010704697836053961,,strict,"0 neighbours above the 0.1% contamination floor within 1.4"" -- nothing to subtract (the star is effectively isolated)"
0.15,4.765,4.0,0.6,0.0016867054067886134,,strict,"0 neighbours above the 0.1% contamination floor within 1.4"" -- nothing to subtract (the star is effectively isolated)"
0.15,4.765,4.0,0.8,-0.004529010689291291,,strict,"0 neighbours above the 0.1% contamination floor within 1.4"" -- nothing to subtract (the star is effectively isolated)"
0.15,4.765,4.0,1.0,-0.00523716315134834,,strict,"0 neighbours above the 0.1% contamination floor within 1.4"" -- nothing to subtract (the star is effectively isolated)"
0.15,4.765,4.0,1.2,0.006214697211525788,,strict,"0 neighbours above the 0.1% contamination floor within 1.4"" -- nothing to subtract (the star is effectively isolated)"
0.15,4.765,4.0,0.1,0.002007656379373418,,strict,"0 neighbours above the 0.1% contamination floor within 1.4"" -- nothing to subtract (the star is effectively isolated)"
0.15,4.765,4.0,0.15,-0.0049384432051544636,,strict,"0 neighbours above the 0.1% contamination floor within 1.4"" -- nothing to subtract (the star is effectively isolated)"
0.15,4.765,4.0,0.2,-0.0027556934555231505,,strict,"0 neighbours above the 0.1% contamination floor within 1.4"" -- nothing to subtract (the star is effectively isolated)"
0.15,4.765,4.0,0.3,0.0028879813463379145,,strict,"0 neighbours above the 0.1% contamination floor within 1.4"" -- nothing to subtract (the star is effectively isolated)"
0.15,4.765,4.0,0.45,-0.017251468594448288,,strict,"0 neighbours above the 0.1% contamination floor within 1.4"" -- nothing to subtract (the star is effectively isolated)"
0.15,4.765,4.0,0.6,-0.014261299225649948,-0.011225713357332606,strict,
0.15,4.765,4.0,0.8,-0.0036299476234275263,,strict,"0 neighbours above the 0.1% contamination floor within 1.4"" -- nothing to subtract (the star is effectively isolated)"
0.15,4.765,4.0,1.0,0.020439589208987807,,strict,"0 neighbours above the 0.1% contamination floor within 1.4"" -- nothing to subtract (the star is effectively isolated)"
0.15,4.765,4.0,1.2,0.007215158851528403,,strict,"0 neighbours above the 0.1% contamination floor within 1.4"" -- nothing to subtract (the star is effectively isolated)"
0.15,4.765,5.0,0.1,-0.001083402710449377,,strict,"0 neighbours above the 0.1% contamination floor within 1.4"" -- nothing to subtract (the star is effectively isolated)"
0.15,4.765,5.0,0.15,0.00710411723733706,,strict,"0 neighbours above the 0.1% contamination floor within 1.4"" -- nothing to subtract (the star is effectively isolated)"
0.15,4.765,5.0,0.2,-0.0030724886722466316,,strict,"0 neighbours above the 0.1% contamination floor within 1.4"" -- nothing to subtract (the star is effectively isolated)"
0.15,4.765,5.0,0.3,0.004479153985515294,,strict,"0 neighbours above the 0.1% contamination floor within 1.4"" -- nothing to subtract (the star is effectively isolated)"
0.15,4.765,5.0,0.45,-0.002931398423415138,,strict,"0 neighbours above the 0.1% contamination floor within 1.4"" -- nothing to subtract (the star is effectively isolated)"
0.15,4.765,5.0,0.6,0.014844398257727126,,strict,"0 neighbours above the 0.1% contamination floor within 1.4"" -- nothing to subtract (the star is effectively isolated)"
0.15,4.765,5.0,0.8,-0.0022114558610584756,,strict,"0 neighbours above the 0.1% contamination floor within 1.4"" -- nothing to subtract (the star is effectively isolated)"
0.15,4.765,5.0,1.0,0.009705638033310676,,strict,"0 neighbours above the 0.1% contamination floor within 1.4"" -- nothing to subtract (the star is effectively isolated)"
0.15,4.765,5.0,1.2,0.003123296980501594,0.004724041972240106,strict,
0.15,4.765,5.0,0.1,0.0036074560082295926,,strict,"0 neighbours above the 0.1% contamination floor within 1.4"" -- nothing to subtract (the star is effectively isolated)"
0.15,4.765,5.0,0.15,-0.0055409294278967736,,strict,"0 neighbours above the 0.1% contamination floor within 1.4"" -- nothing to subtract (the star is effectively isolated)"
0.15,4.765,5.0,0.2,0.0005654459112994503,,strict,"0 neighbours above the 0.1% contamination floor within 1.4"" -- nothing to subtract (the star is effectively isolated)"
0.15,4.765,5.0,0.3,-0.005936655153174264,,strict,"0 neighbours above the 0.1% contamination floor within 1.4"" -- nothing to subtract (the star is effectively isolated)"
0.15,4.765,5.0,0.45,-0.0021993095514431793,,strict,"0 neighbours above the 0.1% contamination floor within 1.4"" -- nothing to subtract (the star is effectively isolated)"
0.15,4.765,5.0,0.6,0.004542016909208996,,strict,"0 neighbours above the 0.1% contamination floor within 1.4"" -- nothing to subtract (the star is effectively isolated)"
0.15,4.765,5.0,0.8,-0.006519866361794663,,strict,"0 neighbours above the 0.1% contamination floor within 1.4"" -- nothing to subtract (the star is effectively isolated)"
0.15,4.765,5.0,1.0,0.011304496852769741,,strict,"0 neighbours above the 0.1% contamination floor within 1.4"" -- nothing to subtract (the star is effectively isolated)"
0.15,4.765,5.0,1.2,0.0018789389179623972,0.002866949687533371,strict,
0.15,4.765,5.0,0.1,-0.00017036851891916172,,strict,"0 neighbours above the 0.1% contamination floor within 1.4"" -- nothing to subtract (the star is effectively isolated)"
0.15,4.765,5.0,0.15,-0.003755452053557762,,strict,"0 neighbours above the 0.1% contamination floor within 1.4"" -- nothing to subtract (the star is effectively isolated)"
0.15,4.765,5.0,0.2,0.005336514837970152,,strict,"0 neighbours above the 0.1% contamination floor within 1.4"" -- nothing to subtract (the star is effectively isolated)"
0.15,4.765,5.0,0.3,0.008276920468214682,,strict,"0 neighbours above the 0.1% contamination floor within 1.4"" -- nothing to subtract (the star is effectively isolated)"
0.15,4.765,5.0,0.45,0.004399427133541439,,strict,"0 neighbours above the 0.1% contamination floor within 1.4"" -- nothing to subtract (the star is effectively isolated)"
0.15,4.765,5.0,0.6,0.004907090822841242,,strict,"0 neighbours above the 0.1% contamination floor within 1.4"" -- nothing to subtract (the star is effectively isolated)"
0.15,4.765,5.0,0.8,0.005268550371826081,,strict,"0 neighbours above the 0.1% contamination floor within 1.4"" -- nothing to subtract (the star is effectively isolated)"
0.15,4.765,5.0,1.0,-8.743164708308049e-06,,strict,"0 neighbours above the 0.1% contamination floor within 1.4"" -- nothing to subtract (the star is effectively isolated)"
0.15,4.765,5.0,1.2,0.005281843218156557,,strict,"0 neighbours above the 0.1% contamination floor within 1.4"" -- nothing to subtract (the star is effectively isolated)"
0.3,4.765,0.0,0.1,-0.1476666178882925,0.0066696167706670195,strict,
0.3,4.765,0.0,0.15,-0.129723245897015,0.0029843679756701436,strict,
0.3,4.765,0.0,0.2,-0.14452874612713193,0.01666370995459321,strict,
0.3,4.765,0.0,0.3,-0.1486469884845433,-0.0010375122628654143,strict,
0.3,4.765,0.0,0.45,-0.1516257127573117,-0.009883329411869646,strict,
0.3,4.765,0.0,0.6,-0.14419674710402425,0.0011040686802272215,strict,
0.3,4.765,0.0,0.8,-0.1282738182363866,-0.007879884775456203,strict,
0.3,4.765,0.0,1.0,-0.051651194825024394,0.006345977070441933,strict,
0.3,4.765,0.0,1.2,0.3839846164002732,0.013814250398460126,strict,
0.3,4.765,0.0,0.1,-0.13647055237393044,0.00852892878417788,strict,
0.3,4.765,0.0,0.15,-0.14234364335072033,-0.0178837326085709,strict,
0.3,4.765,0.0,0.2,-0.15415201605119533,-0.014061874167060007,strict,
0.3,4.765,0.0,0.3,-0.14749788803974517,0.00565742084450821,strict,
0.3,4.765,0.0,0.45,-0.1422038890113687,0.018728491021179627,strict,
0.3,4.765,0.0,0.6,-0.14034148454759318,0.0034875853566537773,strict,
0.3,4.765,0.0,0.8,-0.13170649973244214,-0.01948830615247371,strict,
0.3,4.765,0.0,1.0,-0.06775225533344603,-0.020315312262877028,strict,
0.3,4.765,0.0,1.2,0.29380912712000845,-0.0035276549170155658,strict,
0.3,4.765,0.0,0.1,-0.1278554244698027,0.004799349833324584,strict,
0.3,4.765,0.0,0.15,-0.1354941044774791,-0.009837566380187623,strict,
0.3,4.765,0.0,0.2,-0.14470186245148936,0.015434447253065753,strict,
0.3,4.765,0.0,0.3,-0.14420164300959584,0.015587512645124701,strict,
0.3,4.765,0.0,0.45,-0.15355730966688091,-0.01620321875452424,strict,
0.3,4.765,0.0,0.6,-0.15196495118959608,-0.02421222849884147,strict,
0.3,4.765,0.0,0.8,-0.1208539321982729,0.011273978079717584,strict,
0.3,4.765,0.0,1.0,-0.04398545038348883,0.01267228216196642,strict,
0.3,4.765,0.0,1.2,0.41556837719183587,0.0032573874977183115,strict,
0.3,4.765,1.0,0.1,-0.08412738232916395,1.577927366375187e-05,strict,
0.3,4.765,1.0,0.15,-0.07169479734228348,0.02501645096115601,strict,
0.3,4.765,1.0,0.2,-0.0963489986313264,-0.020199561721552628,strict,
0.3,4.765,1.0,0.3,-0.08745756145995631,-0.0037648699339071223,strict,
0.3,4.765,1.0,0.45,-0.07820811782387099,0.01022705009305963,strict,
0.3,4.765,1.0,0.6,-0.08075477843333598,-0.0015867651575361963,strict,
0.3,4.765,1.0,0.8,-0.06386821174002638,0.003442913255005897,strict,
0.3,4.765,1.0,1.0,-0.01825238055668954,0.00666039310948674,strict,
0.3,4.765,1.0,1.2,0.08642810586824212,-0.0014001971751407827,strict,
0.3,4.765,1.0,0.1,-0.08487848140254359,0.0029682447641089515,strict,
0.3,4.765,1.0,0.15,-0.08831883460031367,-0.011938647676645375,strict,
0.3,4.765,1.0,0.2,-0.08460654995588734,0.0035123677618149607,strict,
0.3,4.765,1.0,0.3,-0.08402891329278969,0.00047956072114335724,strict,
0.3,4.765,1.0,0.45,-0.08638920361974795,-0.0039197959904179736,strict,
0.3,4.765,1.0,0.6,-0.08049444473410342,-0.0033195086559743014,strict,
0.3,4.765,1.0,0.8,-0.06988760482632578,-0.007909623505876429,strict,
0.3,4.765,1.0,1.0,-0.04254528720649858,-0.021935334326146638,strict,
0.3,4.765,1.0,1.2,0.06440315609119379,-0.013981431996923921,strict,
0.3,4.765,1.0,0.1,-0.08456203950181612,-0.003394334877794225,strict,
0.3,4.765,1.0,0.15,-0.07954436967792769,0.005767900731659337,strict,
0.3,4.765,1.0,0.2,-0.08797565776337787,-0.00537263330920551,strict,
0.3,4.765,1.0,0.3,-0.06506403615101236,0.03087082850037881,strict,
0.3,4.765,1.0,0.45,-0.08186720617214849,0.006409664647434921,strict,
0.3,4.765,1.0,0.6,-0.07704488638835086,0.005293501876365625,strict,
0.3,4.765,1.0,0.8,-0.07291952960105552,-0.012080346100166117,strict,
0.3,4.765,1.0,1.0,-0.03857373637710221,-0.012927344072145464,strict,
0.3,4.765,1.0,1.2,0.11303049491127981,0.02268866939381503,strict,
0.3,4.765,2.0,0.1,-0.04338061417152461,-0.004032965524456533,strict,
0.3,4.765,2.0,0.15,-0.050790832851474677,-0.012688130732975589,strict,
0.3,4.765,2.0,0.2,-0.052488973195023714,-0.013616466346953349,strict,
0.3,4.765,2.0,0.3,-0.0389811177101132,-0.0011169951925492083,strict,
0.3,4.765,2.0,0.45,-0.049860630558624885,-0.011757178087251685,strict,
0.3,4.765,2.0,0.6,-0.023890707885472706,0.016234102605575673,strict,
0.3,4.765,2.0,0.8,-0.019461676173668396,0.014525828311423072,strict,
0.3,4.765,2.0,1.0,-0.0051109595237607275,0.005113551040802966,strict,
0.3,4.765,2.0,1.2,0.07222930034449276,0.03576050743401532,strict,
0.3,4.765,2.0,0.1,-0.0325217364063386,0.005305108922549151,strict,
0.3,4.765,2.0,0.15,-0.037196043177731786,0.004698500610557266,strict,
0.3,4.765,2.0,0.2,-0.035062771626104106,0.004482452076092713,strict,
0.3,4.765,2.0,0.3,-0.01548350771531637,0.03245308462718205,strict,
0.3,4.765,2.0,0.45,-0.029217897120488168,0.013960071447320588,strict,
0.3,4.765,2.0,0.6,-0.049312861508544636,-0.014744651200565284,strict,
0.3,4.765,2.0,0.8,-0.03353025415110289,-0.005299326703863405,strict,
0.3,4.765,2.0,1.0,-0.03113909546599386,-0.023371812959952942,strict,
0.3,4.765,2.0,1.2,0.018455780137689504,-0.009514913963761806,strict,
0.3,4.765,2.0,0.1,-0.034596861290849046,0.004543002139815899,strict,
0.3,4.765,2.0,0.15,-0.031573827547132116,0.010548897820287895,strict,
0.3,4.765,2.0,0.2,-0.05584925719408304,-0.018539667065767484,strict,
0.3,4.765,2.0,0.3,-0.025449651014586905,0.02006021075814346,strict,
0.3,4.765,2.0,0.45,-0.021729086997705926,0.022673820262962552,strict,
0.3,4.765,2.0,0.6,-0.03684169453387948,0.0013381394569171312,strict,
0.3,4.765,2.0,0.8,-0.03623345992640298,-0.008666811172929778,strict,
0.3,4.765,2.0,1.0,-0.03959694689431181,-0.030260885693649375,strict,
0.3,4.765,2.0,1.2,0.0370826779641385,0.008263327965265632,strict,
0.3,4.765,3.0,0.1,-0.015216134116447733,,strict,"0 neighbours above the 0.1% contamination floor within 1.4"" -- nothing to subtract (the star is effectively isolated)"
0.3,4.765,3.0,0.15,-0.029841244402979028,-0.012855417010481374,strict,
0.3,4.765,3.0,0.2,-0.03632175814940375,-0.022355796129249705,strict,
0.3,4.765,3.0,0.3,-0.003414887710542436,0.014661309352759222,strict,
0.3,4.765,3.0,0.45,-0.014915291264529507,0.004964015640017472,strict,
0.3,4.765,3.0,0.6,-0.012972283422602093,0.004513940709426012,strict,
0.3,4.765,3.0,0.8,-0.024667895300120035,-0.013269002738832802,strict,
0.3,4.765,3.0,1.0,0.007279471523251757,0.011539719342076482,strict,
0.3,4.765,3.0,1.2,0.05206049989842315,0.03785971669914284,strict,
0.3,4.765,3.0,0.1,-0.012627853396519395,,strict,"0 neighbours above the 0.1% contamination floor within 1.4"" -- nothing to subtract (the star is effectively isolated)"
0.3,4.765,3.0,0.15,-0.0377672975536954,-0.02204142658958208,strict,
0.3,4.765,3.0,0.2,-0.008106097315116079,0.009183776445480407,strict,
0.3,4.765,3.0,0.3,-0.02382416039901669,-0.008290388768652901,strict,
0.3,4.765,3.0,0.45,-0.030464417352614237,-0.015257371024650301,strict,
0.3,4.765,3.0,0.6,-0.020623146812553117,-0.003920668119112181,strict,
0.3,4.765,3.0,0.8,-0.026967068408048245,-0.01610280251805507,strict,
0.3,4.765,3.0,1.0,-0.001123324928419267,0.0024090455159479496,strict,
0.3,4.765,3.0,1.2,0.009354839882220634,-0.0009754802795132189,strict,
0.3,4.765,3.0,0.1,-0.024202561806820067,,strict,"0 neighbours above the 0.1% contamination floor within 1.4"" -- nothing to subtract (the star is effectively isolated)"
0.3,4.765,3.0,0.15,-0.00647385918198623,0.011246060237213973,strict,
0.3,4.765,3.0,0.2,-0.03144720734344941,-0.01477352391639064,strict,
0.3,4.765,3.0,0.3,0.01857644939267583,0.040733956673129956,strict,
0.3,4.765,3.0,0.45,0.0005636027365341634,0.018425204026592812,strict,
0.3,4.765,3.0,0.6,-0.005500046939807879,0.01137995893004784,strict,
0.3,4.765,3.0,0.8,-0.02333626251719839,-0.011882176245483766,strict,
0.3,4.765,3.0,1.0,-0.028935315780027338,-0.02543153047290425,strict,
0.3,4.765,3.0,1.2,0.02382472870228508,0.012739185632481387,strict,
0.3,4.765,4.0,0.1,-0.0016607255277527044,,strict,"0 neighbours above the 0.1% contamination floor within 1.4"" -- nothing to subtract (the star is effectively isolated)"
0.3,4.765,4.0,0.15,-0.008288199922432182,-0.005562337484749991,strict,
0.3,4.765,4.0,0.2,-0.0033792200749174772,,strict,"0 neighbours above the 0.1% contamination floor within 1.4"" -- nothing to subtract (the star is effectively isolated)"
0.3,4.765,4.0,0.3,-0.0029271068643446085,,strict,"0 neighbours above the 0.1% contamination floor within 1.4"" -- nothing to subtract (the star is effectively isolated)"
0.3,4.765,4.0,0.45,-0.021612118306118366,,strict,"0 neighbours above the 0.1% contamination floor within 1.4"" -- nothing to subtract (the star is effectively isolated)"
0.3,4.765,4.0,0.6,-0.015139629450321324,,strict,"0 neighbours above the 0.1% contamination floor within 1.4"" -- nothing to subtract (the star is effectively isolated)"
0.3,4.765,4.0,0.8,-0.012911249217608,,strict,"0 neighbours above the 0.1% contamination floor within 1.4"" -- nothing to subtract (the star is effectively isolated)"
0.3,4.765,4.0,1.0,-0.008280901036483213,,strict,"0 neighbours above the 0.1% contamination floor within 1.4"" -- nothing to subtract (the star is effectively isolated)"
0.3,4.765,4.0,1.2,0.015959150060146032,,strict,"0 neighbours above the 0.1% contamination floor within 1.4"" -- nothing to subtract (the star is effectively isolated)"
0.3,4.765,4.0,0.1,-0.0166991345634126,,strict,"0 neighbours above the 0.1% contamination floor within 1.4"" -- nothing to subtract (the star is effectively isolated)"
0.3,4.765,4.0,0.15,-0.018236204412412527,,strict,"0 neighbours above the 0.1% contamination floor within 1.4"" -- nothing to subtract (the star is effectively isolated)"
0.3,4.765,4.0,0.2,0.0005915384807426705,,strict,"0 neighbours above the 0.1% contamination floor within 1.4"" -- nothing to subtract (the star is effectively isolated)"
0.3,4.765,4.0,0.3,0.02219330012271503,,strict,"0 neighbours above the 0.1% contamination floor within 1.4"" -- nothing to subtract (the star is effectively isolated)"
0.3,4.765,4.0,0.45,-0.010346279542667092,,strict,"0 neighbours above the 0.1% contamination floor within 1.4"" -- nothing to subtract (the star is effectively isolated)"
0.3,4.765,4.0,0.6,-0.009823579847025643,,strict,"0 neighbours above the 0.1% contamination floor within 1.4"" -- nothing to subtract (the star is effectively isolated)"
0.3,4.765,4.0,0.8,-0.0074524717566474274,,strict,"0 neighbours above the 0.1% contamination floor within 1.4"" -- nothing to subtract (the star is effectively isolated)"
0.3,4.765,4.0,1.0,-0.012954496387383496,,strict,"0 neighbours above the 0.1% contamination floor within 1.4"" -- nothing to subtract (the star is effectively isolated)"
0.3,4.765,4.0,1.2,-0.011455680298499693,,strict,"0 neighbours above the 0.1% contamination floor within 1.4"" -- nothing to subtract (the star is effectively isolated)"
0.3,4.765,4.0,0.1,-0.014669562497003241,,strict,"0 neighbours above the 0.1% contamination floor within 1.4"" -- nothing to subtract (the star is effectively isolated)"
0.3,4.765,4.0,0.15,0.011629331222030526,,strict,"0 neighbours above the 0.1% contamination floor within 1.4"" -- nothing to subtract (the star is effectively isolated)"
0.3,4.765,4.0,0.2,-0.012423315689515158,,strict,"0 neighbours above the 0.1% contamination floor within 1.4"" -- nothing to subtract (the star is effectively isolated)"
0.3,4.765,4.0,0.3,-0.018777838177287065,,strict,"0 neighbours above the 0.1% contamination floor within 1.4"" -- nothing to subtract (the star is effectively isolated)"
0.3,4.765,4.0,0.45,-0.011223028472498175,,strict,"0 neighbours above the 0.1% contamination floor within 1.4"" -- nothing to subtract (the star is effectively isolated)"
0.3,4.765,4.0,0.6,-0.018919198330823006,,strict,"0 neighbours above the 0.1% contamination floor within 1.4"" -- nothing to subtract (the star is effectively isolated)"
0.3,4.765,4.0,0.8,-0.0004539801851092262,,strict,"0 neighbours above the 0.1% contamination floor within 1.4"" -- nothing to subtract (the star is effectively isolated)"
0.3,4.765,4.0,1.0,-0.009759839573964202,,strict,"0 neighbours above the 0.1% contamination floor within 1.4"" -- nothing to subtract (the star is effectively isolated)"
0.3,4.765,4.0,1.2,0.01713524929484217,,strict,"0 neighbours above the 0.1% contamination floor within 1.4"" -- nothing to subtract (the star is effectively isolated)"
0.3,4.765,5.0,0.1,0.0019987704042780385,,strict,"0 neighbours above the 0.1% contamination floor within 1.4"" -- nothing to subtract (the star is effectively isolated)"
0.3,4.765,5.0,0.15,-0.013806447606446504,,strict,"0 neighbours above the 0.1% contamination floor within 1.4"" -- nothing to subtract (the star is effectively isolated)"
0.3,4.765,5.0,0.2,0.00247503490151324,,strict,"0 neighbours above the 0.1% contamination floor within 1.4"" -- nothing to subtract (the star is effectively isolated)"
0.3,4.765,5.0,0.3,-0.004556446710106077,,strict,"0 neighbours above the 0.1% contamination floor within 1.4"" -- nothing to subtract (the star is effectively isolated)"
0.3,4.765,5.0,0.45,-0.002585346711642067,,strict,"0 neighbours above the 0.1% contamination floor within 1.4"" -- nothing to subtract (the star is effectively isolated)"
0.3,4.765,5.0,0.6,0.01239941603417688,,strict,"0 neighbours above the 0.1% contamination floor within 1.4"" -- nothing to subtract (the star is effectively isolated)"
0.3,4.765,5.0,0.8,0.008338030043005984,,strict,"0 neighbours above the 0.1% contamination floor within 1.4"" -- nothing to subtract (the star is effectively isolated)"
0.3,4.765,5.0,1.0,0.011033590683375227,,strict,"0 neighbours above the 0.1% contamination floor within 1.4"" -- nothing to subtract (the star is effectively isolated)"
0.3,4.765,5.0,1.2,0.011734085116827442,,strict,"0 neighbours above the 0.1% contamination floor within 1.4"" -- nothing to subtract (the star is effectively isolated)"
0.3,4.765,5.0,0.1,0.0018263996608174904,,strict,"0 neighbours above the 0.1% contamination floor within 1.4"" -- nothing to subtract (the star is effectively isolated)"
0.3,4.765,5.0,0.15,-0.03201110778449012,-0.03299653878123471,strict,
0.3,4.765,5.0,0.2,0.008191601884683097,,strict,"0 neighbours above the 0.1% contamination floor within 1.4"" -- nothing to subtract (the star is effectively isolated)"
0.3,4.765,5.0,0.3,0.020681664321187843,,strict,"0 neighbours above the 0.1% contamination floor within 1.4"" -- nothing to subtract (the star is effectively isolated)"
0.3,4.765,5.0,0.45,0.00215099783733258,,strict,"0 neighbours above the 0.1% contamination floor within 1.4"" -- nothing to subtract (the star is effectively isolated)"
0.3,4.765,5.0,0.6,-0.001500484243153355,,strict,"0 neighbours above the 0.1% contamination floor within 1.4"" -- nothing to subtract (the star is effectively isolated)"
0.3,4.765,5.0,0.8,-0.004506660826985531,,strict,"0 neighbours above the 0.1% contamination floor within 1.4"" -- nothing to subtract (the star is effectively isolated)"
0.3,4.765,5.0,1.0,0.009944714468037352,,strict,"0 neighbours above the 0.1% contamination floor within 1.4"" -- nothing to subtract (the star is effectively isolated)"
0.3,4.765,5.0,1.2,0.018648002464116575,,strict,"0 neighbours above the 0.1% contamination floor within 1.4"" -- nothing to subtract (the star is effectively isolated)"
0.3,4.765,5.0,0.1,0.032663732474676965,,strict,"0 neighbours above the 0.1% contamination floor within 1.4"" -- nothing to subtract (the star is effectively isolated)"
0.3,4.765,5.0,0.15,-0.002071909136609207,,strict,"0 neighbours above the 0.1% contamination floor within 1.4"" -- nothing to subtract (the star is effectively isolated)"
0.3,4.765,5.0,0.2,0.0018953409858717407,,strict,"0 neighbours above the 0.1% contamination floor within 1.4"" -- nothing to subtract (the star is effectively isolated)"
0.3,4.765,5.0,0.3,0.007465683945991397,,strict,"0 neighbours above the 0.1% contamination floor within 1.4"" -- nothing to subtract (the star is effectively isolated)"
0.3,4.765,5.0,0.45,0.008091047313418198,,strict,"0 neighbours above the 0.1% contamination floor within 1.4"" -- nothing to subtract (the star is effectively isolated)"
0.3,4.765,5.0,0.6,-0.004836730516939669,,strict,"0 neighbours above the 0.1% contamination floor within 1.4"" -- nothing to subtract (the star is effectively isolated)"
0.3,4.765,5.0,0.8,-0.007893547588006145,,strict,"0 neighbours above the 0.1% contamination floor within 1.4"" -- nothing to subtract (the star is effectively isolated)"
0.3,4.765,5.0,1.0,0.04066075672021713,,strict,"0 neighbours above the 0.1% contamination floor within 1.4"" -- nothing to subtract (the star is effectively isolated)"
0.3,4.765,5.0,1.2,-0.010187076636196835,,strict,"0 neighbours above the 0.1% contamination floor within 1.4"" -- nothing to subtract (the star is effectively isolated)"
0.6,4.765,0.0,0.1,-0.29651560014649664,-0.019135483841356993,strict,
0.6,4.765,0.0,0.15,-0.26384466244621607,0.019978469664586607,strict,
0.6,4.765,0.0,0.2,-0.30194904273011675,0.057097926558724255,strict,
0.6,4.765,0.0,0.3,-0.2879658201522124,0.0620489455925064,strict,
0.6,4.765,0.0,0.45,-0.3109659798718206,-0.02127274890395181,strict,
0.6,4.765,0.0,0.6,-0.28750499217811626,0.026531411112397763,strict,
0.6,4.765,0.0,0.8,-0.26445840665470693,0.00978808889240046,strict,
0.6,4.765,0.0,1.0,-0.1364795430343833,0.021187765634561484,strict,
0.6,4.765,0.0,1.2,1.6185989137826138,0.03193170947796353,strict,
0.6,4.765,0.0,0.1,-0.2715923210954542,-0.009130612742703326,strict,
0.6,4.765,0.0,0.15,-0.2562255621073918,0.07020077007093073,strict,
0.6,4.765,0.0,0.2,-0.2951731653307566,0.09674081782033261,strict,
0.6,4.765,0.0,0.3,-0.2951129076050122,0.04116954908291459,strict,
0.6,4.765,0.0,0.45,-0.27945679843001353,0.09564411194491373,strict,
0.6,4.765,0.0,0.6,-0.2923224785093055,-0.008689209043168833,strict,
0.6,4.765,0.0,0.8,-0.27262228831718155,-0.004694051287572942,strict,
0.6,4.765,0.0,1.0,-0.12307511822716893,0.054634387234203885,strict,
0.6,4.765,0.0,1.2,1.0795371751098979,-0.03629624310431012,strict,
0.6,4.765,0.0,0.1,-0.2614970327686499,0.01672475850041455,strict,
0.6,4.765,0.0,0.15,-0.2648000985515548,0.044519877416665965,strict,
0.6,4.765,0.0,0.2,-0.29675328348170504,0.1040700899808068,strict,
0.6,4.765,0.0,0.3,-0.3050232557471523,0.01546130821614744,strict,
0.6,4.765,0.0,0.45,-0.29682602421372434,0.02360817858690245,strict,
0.6,4.765,0.0,0.6,-0.2953295008312126,-0.022847327562909858,strict,
0.6,4.765,0.0,0.8,-0.28820333962059486,-0.047889345825202656,strict,
0.6,4.765,0.0,1.0,-0.15095376929424414,0.023270116714424915,strict,
0.6,4.765,0.0,1.2,1.635505282411381,0.02423388559839057,strict,
0.6,4.765,1.0,0.1,-0.18518932904513263,-0.015396264014307937,strict,
0.6,4.765,1.0,0.15,-0.16478528089864314,0.022127987820971473,strict,
0.6,4.765,1.0,0.2,-0.17407131959532907,0.022515701510013586,strict,
0.6,4.765,1.0,0.3,-0.15538323164741197,0.035481191972325465,strict,
0.6,4.765,1.0,0.45,-0.1877813790313113,-0.024333392547841504,strict,
0.6,4.765,1.0,0.6,-0.1499743218815881,0.036717854863892674,strict,
0.6,4.765,1.0,0.8,-0.13187267252256712,0.028010537032033822,strict,
0.6,4.765,1.0,1.0,-0.08496613251092355,-0.01426353327617702,strict,
0.6,4.765,1.0,1.2,0.21116483419437138,-0.013402528274737202,strict,
0.6,4.765,1.0,0.1,-0.17383000484074362,-0.006525943849405302,strict,
0.6,4.765,1.0,0.15,-0.17846934630749267,0.0011927263945511468,strict,
0.6,4.765,1.0,0.2,-0.18767183071529803,-0.008428655648246353,strict,
0.6,4.765,1.0,0.3,-0.1647874439602281,0.021944408134598192,strict,
0.6,4.765,1.0,0.45,-0.15341415069121067,0.03151791592344855,strict,
0.6,4.765,1.0,0.6,-0.15282186603586345,0.015394228990849745,strict,
0.6,4.765,1.0,0.8,-0.11053959008162301,0.05587047383451138,strict,
0.6,4.765,1.0,1.0,-0.06870536052000964,-0.0001535009912827512,strict,
0.6,4.765,1.0,1.2,0.22722004738299528,0.0002692846046331576,strict,
0.6,4.765,1.0,0.1,-0.17664451515842816,-0.008201516774346329,strict,
0.6,4.765,1.0,0.15,-0.17531106849467565,0.010210057899316283,strict,
0.6,4.765,1.0,0.2,-0.1508209957316663,0.06515454444599189,strict,
0.6,4.765,1.0,0.3,-0.1382937554689584,0.06923983764764607,strict,
0.6,4.765,1.0,0.45,-0.17198585850155718,-0.0012532700573836264,strict,
0.6,4.765,1.0,0.6,-0.17857328972643238,-0.03193995603484212,strict,
0.6,4.765,1.0,0.8,-0.13069245461338774,0.030110126934697945,strict,
0.6,4.765,1.0,1.0,-0.06097397771626534,0.008575804665721831,strict,
0.6,4.765,1.0,1.2,0.2803605056092726,0.035857188868817946,strict,
0.6,4.765,2.0,0.1,-0.10107973801446457,-0.025231646087198856,strict,
0.6,4.765,2.0,0.15,-0.1093660241115898,-0.0328657589514475,strict,
0.6,4.765,2.0,0.2,-0.08358601579760505,0.01052132392601357,strict,
0.6,4.765,2.0,0.3,-0.07035560661210172,0.023660429195181965,strict,
0.6,4.765,2.0,0.45,-0.07820570227206103,0.0042679198556067055,strict,
0.6,4.765,2.0,0.6,-0.05266534397288758,0.033917657794108935,strict,
0.6,4.765,2.0,0.8,-0.019836629463037436,0.06259572759205256,strict,
0.6,4.765,2.0,1.0,-0.006390657088157448,0.02340454361107769,strict,
0.6,4.765,2.0,1.2,0.07729894639102652,0.002019205950274716,strict,
0.6,4.765,2.0,0.1,-0.06066969420801949,0.032079858873211964,strict,
0.6,4.765,2.0,0.15,-0.0786937175204987,0.012770292898783508,strict,
0.6,4.765,2.0,0.2,-0.09909759800062956,-0.015137620973955213,strict,
0.6,4.765,2.0,0.3,-0.07069393171760363,0.020512189556640914,strict,
0.6,4.765,2.0,0.45,-0.09054366289311688,-0.010652547504890975,strict,
0.6,4.765,2.0,0.6,-0.01704806209184828,0.07747070969841885,strict,
0.6,4.765,2.0,0.8,-0.10940264207586381,-0.05183879553269266,strict,
0.6,4.765,2.0,1.0,-0.05960160068883502,-0.028575390263849032,strict,
0.6,4.765,2.0,1.2,0.058389392329999734,-0.012721151477555814,strict,
0.6,4.765,2.0,0.1,-0.08478277652931765,-0.004109410057746565,strict,
0.6,4.765,2.0,0.15,-0.08450436184724797,0.002670153585492163,strict,
0.6,4.765,2.0,0.2,-0.08296487630130833,0.011628234207956112,strict,
0.6,4.765,2.0,0.3,-0.055942849831724484,0.03691953453943242,strict,
0.6,4.765,2.0,0.45,-0.07889781654430617,0.008014425400011849,strict,
0.6,4.765,2.0,0.6,-0.08702134985739918,-0.011940437996602049,strict,
0.6,4.765,2.0,0.8,-0.04251422904844415,0.0314022203402301,strict,
0.6,4.765,2.0,1.0,-0.030011100593751228,-0.0023366157896791417,strict,
0.6,4.765,2.0,1.2,0.0751270789085623,0.004139168394422743,strict,
0.6,4.765,3.0,0.1,-0.05595775900248001,,strict,"0 neighbours above the 0.1% contamination floor within 1.4"" -- nothing to subtract (the star is effectively isolated)"
0.6,4.765,3.0,0.15,-0.03702263155748642,0.005160821298796914,strict,
0.6,4.765,3.0,0.2,-0.03435006113604511,0.002057433270522435,strict,
0.6,4.765,3.0,0.3,-0.020790461226413592,0.02090805545039487,strict,
0.6,4.765,3.0,0.45,-0.0029655976212435986,0.03681296975210202,strict,
0.6,4.765,3.0,0.6,-0.019229747768896854,0.017454896288751187,strict,
0.6,4.765,3.0,0.8,-0.053260397998580844,-0.023290805983609664,strict,
0.6,4.765,3.0,1.0,-0.002495719742948932,0.011358749887745212,strict,
0.6,4.765,3.0,1.2,0.08471155502127337,0.05366647780125533,strict,
0.6,4.765,3.0,0.1,-0.02508746877561774,,strict,"0 neighbours above the 0.1% contamination floor within 1.4"" -- nothing to subtract (the star is effectively isolated)"
0.6,4.765,3.0,0.15,-0.03191970374312081,0.008975810423023978,strict,
0.6,4.765,3.0,0.2,-0.060915204346356666,-0.023362138540379274,strict,
0.6,4.765,3.0,0.3,-0.009794820279340422,0.03428190703921852,strict,
0.6,4.765,3.0,0.45,-0.061130064969697195,-0.027929179790783243,strict,
0.6,4.765,3.0,0.6,0.04137396896382883,0.08219410787358838,strict,
0.6,4.765,3.0,0.8,-0.07453657335405228,-0.047217750830372496,strict,
0.6,4.765,3.0,1.0,-0.042143750160303806,-0.028103911337042375,strict,
0.6,4.765,3.0,1.2,-0.010531338049568073,-0.03374823032341001,strict,
0.6,4.765,3.0,0.1,-0.0347226915547183,,strict,"0 neighbours above the 0.1% contamination floor within 1.4"" -- nothing to subtract (the star is effectively isolated)"
0.6,4.765,3.0,0.15,-0.0615994360698221,-0.022177431369029388,strict,
0.6,4.765,3.0,0.2,-0.02746062495599466,0.013881843471194921,strict,
0.6,4.765,3.0,0.3,-0.008879292425389096,0.032541671993463694,strict,
0.6,4.765,3.0,0.45,-0.06404280789506644,-0.03282583750527868,strict,
0.6,4.765,3.0,0.6,-0.05441595137708155,-0.022749034769009358,strict,
0.6,4.765,3.0,0.8,-0.017295328229078977,0.013073473890795828,strict,
0.6,4.765,3.0,1.0,0.00908018725538906,0.022596839981291694,strict,
0.6,4.765,3.0,1.2,0.06290326230771881,0.032247586668325834,strict,
0.6,4.765,4.0,0.1,-0.03186723137019021,,strict,"0 neighbours above the 0.1% contamination floor within 1.4"" -- nothing to subtract (the star is effectively isolated)"
0.6,4.765,4.0,0.15,-0.00788691505485839,,strict,"0 neighbours above the 0.1% contamination floor within 1.4"" -- nothing to subtract (the star is effectively isolated)"
0.6,4.765,4.0,0.2,-0.0002875504272696894,0.016517244762326744,strict,
0.6,4.765,4.0,0.3,-0.008824312103748566,0.006156753466357356,strict,
0.6,4.765,4.0,0.45,-0.04854824628717247,,strict,"0 neighbours above the 0.1% contamination floor within 1.4"" -- nothing to subtract (the star is effectively isolated)"
0.6,4.765,4.0,0.6,0.019518124599372966,0.034314784097806084,strict,
0.6,4.765,4.0,0.8,-0.007892719167050144,0.0032308379493973804,strict,
0.6,4.765,4.0,1.0,-0.033474863349323036,-0.028458160983229508,strict,
0.6,4.765,4.0,1.2,0.008763819358236224,-0.002302129443270573,strict,
0.6,4.765,4.0,0.1,-0.024898547987995623,,strict,"0 neighbours above the 0.1% contamination floor within 1.4"" -- nothing to subtract (the star is effectively isolated)"
0.6,4.765,4.0,0.15,-0.028633425226256448,-0.01374298169121091,strict,
0.6,4.765,4.0,0.2,0.007180814299907801,0.021733246281867347,strict,
0.6,4.765,4.0,0.3,-0.03282173808829625,-0.018189881734477442,strict,
0.6,4.765,4.0,0.45,-0.017210630209783973,,strict,"0 neighbours above the 0.1% contamination floor within 1.4"" -- nothing to subtract (the star is effectively isolated)"
0.6,4.765,4.0,0.6,-0.0035458322789444496,0.012816569420191382,strict,
0.6,4.765,4.0,0.8,-0.020273377210969334,-0.00915340209191784,strict,
0.6,4.765,4.0,1.0,-0.011597051643983058,,strict,"0 neighbours above the 0.1% contamination floor within 1.4"" -- nothing to subtract (the star is effectively isolated)"
0.6,4.765,4.0,1.2,-0.0003723562680514325,-0.00950766818449622,strict,
0.6,4.765,4.0,0.1,-0.03192027831831379,,strict,"0 neighbours above the 0.1% contamination floor within 1.4"" -- nothing to subtract (the star is effectively isolated)"
0.6,4.765,4.0,0.15,-0.0249535199451435,-0.00936650946915596,strict,
0.6,4.765,4.0,0.2,-0.00975213668891095,0.006672672947299896,strict,
0.6,4.765,4.0,0.3,0.00712797914804697,0.0218763713402802,strict,
0.6,4.765,4.0,0.45,-0.028634650849874044,-0.016960035662341943,strict,
0.6,4.765,4.0,0.6,-0.0056265945169918785,0.01019627600914963,strict,
0.6,4.765,4.0,0.8,-0.012017620061765766,-0.0013602989032184265,strict,
0.6,4.765,4.0,1.0,-0.014067727561131838,,strict,"0 neighbours above the 0.1% contamination floor within 1.4"" -- nothing to subtract (the star is effectively isolated)"
0.6,4.765,4.0,1.2,-0.01568966900333979,,strict,"0 neighbours above the 0.1% contamination floor within 1.4"" -- nothing to subtract (the star is effectively isolated)"
0.6,4.765,5.0,0.1,0.001723871615575412,,strict,"0 neighbours above the 0.1% contamination floor within 1.4"" -- nothing to subtract (the star is effectively isolated)"
0.6,4.765,5.0,0.15,0.013527011371512798,,strict,"0 neighbours above the 0.1% contamination floor within 1.4"" -- nothing to subtract (the star is effectively isolated)"
0.6,4.765,5.0,0.2,-0.01802974923808387,,strict,"0 neighbours above the 0.1% contamination floor within 1.4"" -- nothing to subtract (the star is effectively isolated)"
0.6,4.765,5.0,0.3,-0.020807029654628884,,strict,"0 neighbours above the 0.1% contamination floor within 1.4"" -- nothing to subtract (the star is effectively isolated)"
0.6,4.765,5.0,0.45,0.02549555583527008,,strict,"0 neighbours above the 0.1% contamination floor within 1.4"" -- nothing to subtract (the star is effectively isolated)"
0.6,4.765,5.0,0.6,0.01015419713599841,,strict,"0 neighbours above the 0.1% contamination floor within 1.4"" -- nothing to subtract (the star is effectively isolated)"
0.6,4.765,5.0,0.8,-0.0019462228800751769,,strict,"0 neighbours above the 0.1% contamination floor within 1.4"" -- nothing to subtract (the star is effectively isolated)"
0.6,4.765,5.0,1.0,-0.005169631490133053,,strict,"0 neighbours above the 0.1% contamination floor within 1.4"" -- nothing to subtract (the star is effectively isolated)"
0.6,4.765,5.0,1.2,0.015098930701032631,,strict,"0 neighbours above the 0.1% contamination floor within 1.4"" -- nothing to subtract (the star is effectively isolated)"
0.6,4.765,5.0,0.1,0.02368159414528448,,strict,"0 neighbours above the 0.1% contamination floor within 1.4"" -- nothing to subtract (the star is effectively isolated)"
0.6,4.765,5.0,0.15,-0.029217572148330095,,strict,"0 neighbours above the 0.1% contamination floor within 1.4"" -- nothing to subtract (the star is effectively isolated)"
0.6,4.765,5.0,0.2,-0.04402130703436735,,strict,"0 neighbours above the 0.1% contamination floor within 1.4"" -- nothing to subtract (the star is effectively isolated)"
0.6,4.765,5.0,0.3,0.03285973439187084,,strict,"0 neighbours above the 0.1% contamination floor within 1.4"" -- nothing to subtract (the star is effectively isolated)"
0.6,4.765,5.0,0.45,-0.008671300100158708,,strict,"0 neighbours above the 0.1% contamination floor within 1.4"" -- nothing to subtract (the star is effectively isolated)"
0.6,4.765,5.0,0.6,-0.014252027057140904,,strict,"0 neighbours above the 0.1% contamination floor within 1.4"" -- nothing to subtract (the star is effectively isolated)"
0.6,4.765,5.0,0.8,0.009888353181436882,,strict,"0 neighbours above the 0.1% contamination floor within 1.4"" -- nothing to subtract (the star is effectively isolated)"
0.6,4.765,5.0,1.0,-0.036456115865085015,,strict,"0 neighbours above the 0.1% contamination floor within 1.4"" -- nothing to subtract (the star is effectively isolated)"
0.6,4.765,5.0,1.2,-0.012906869190135839,,strict,"0 neighbours above the 0.1% contamination floor within 1.4"" -- nothing to subtract (the star is effectively isolated)"
0.6,4.765,5.0,0.1,-0.0032573364216078593,,strict,"0 neighbours above the 0.1% contamination floor within 1.4"" -- nothing to subtract (the star is effectively isolated)"
0.6,4.765,5.0,0.15,-0.021779266579124434,,strict,"0 neighbours above the 0.1% contamination floor within 1.4"" -- nothing to subtract (the star is effectively isolated)"
0.6,4.765,5.0,0.2,-0.00388965352286752,,strict,"0 neighbours above the 0.1% contamination floor within 1.4"" -- nothing to subtract (the star is effectively isolated)"
0.6,4.765,5.0,0.3,0.013485988261464521,,strict,"0 neighbours above the 0.1% contamination floor within 1.4"" -- nothing to subtract (the star is effectively isolated)"
0.6,4.765,5.0,0.45,-0.022878796144672697,,strict,"0 neighbours above the 0.1% contamination floor within 1.4"" -- nothing to subtract (the star is effectively isolated)"
0.6,4.765,5.0,0.6,-0.036259759461058416,,strict,"0 neighbours above the 0.1% contamination floor within 1.4"" -- nothing to subtract (the star is effectively isolated)"
0.6,4.765,5.0,0.8,0.012634771780440257,,strict,"0 neighbours above the 0.1% contamination floor within 1.4"" -- nothing to subtract (the star is effectively isolated)"
0.6,4.765,5.0,1.0,0.00036592205699625957,,strict,"0 neighbours above the 0.1% contamination floor within 1.4"" -- nothing to subtract (the star is effectively isolated)"
0.6,4.765,5.0,1.2,0.04583107586120572,,strict,"0 neighbours above the 0.1% contamination floor within 1.4"" -- nothing to subtract (the star is effectively isolated)"
0.3,2.5,0.0,0.1,-0.16180462334693796,-0.011228662652130128,strict,
0.3,2.5,0.0,0.15,-0.13261562841707855,0.005211828710162347,strict,
0.3,2.5,0.0,0.2,-0.1627070088459785,-0.006615181679953563,strict,
0.3,2.5,0.0,0.3,-0.16194704089901701,-0.0015784509737136743,strict,
0.3,2.5,0.0,0.45,-0.1540999256288514,0.000611723543160192,strict,
0.3,2.5,0.0,0.6,-0.14798180775472852,0.010677704080915174,strict,
0.3,2.5,0.0,0.8,-0.13289059374155657,-0.004824890727105624,strict,
0.3,2.5,0.0,1.0,-0.059931061520729245,0.010508637960730816,strict,
0.3,2.5,0.0,1.2,0.30452127142244223,-0.01627183077928085,strict,
0.3,2.5,3.0,0.1,-0.010498336902979633,,strict,"0 neighbours above the 0.1% contamination floor within 1.4"" -- nothing to subtract (the star is effectively isolated)"
0.3,2.5,3.0,0.15,-0.03162783167211991,-0.01566962474757938,strict,
0.3,2.5,3.0,0.2,0.0009222418025244261,0.021976377603553754,strict,
0.3,2.5,3.0,0.3,-0.014891209880095235,0.00269443236504896,strict,
0.3,2.5,3.0,0.45,-0.019240889146562024,-0.001045652608720693,strict,
0.3,2.5,3.0,0.6,-0.004362485856496345,0.01237627861573476,strict,
0.3,2.5,3.0,0.8,0.011071400262407827,0.02857476026329203,strict,
0.3,2.5,3.0,1.0,-0.012368697557580022,-0.007910901551353877,strict,
0.3,2.5,3.0,1.2,0.045764304001729095,0.03357584577305983,strict,
